<?xml version="1.0" encoding="UTF-8"?>
<project name="worktoken" default="all">
  
  
  <property file="worktoken.properties"/>
  <!-- Uncomment the following property if no tests compilation is needed -->
  <!-- 
  <property name="skip.tests" value="true"/>
   -->
  
  <!-- Compiler options -->
  
  <property name="compiler.debug" value="on"/>
  <property name="compiler.generate.no.warnings" value="off"/>
  <property name="compiler.args" value=""/>
  <property name="compiler.max.memory" value="128m"/>
  <patternset id="ignored.files">
    <exclude name="**/CVS/**"/>
    <exclude name="**/SCCS/**"/>
    <exclude name="**/RCS/**"/>
    <exclude name="**/rcs/**"/>
    <exclude name="**/.DS_Store/**"/>
    <exclude name="**/.svn/**"/>
    <exclude name="**/.pyc/**"/>
    <exclude name="**/.pyo/**"/>
    <exclude name="**/*.pyc/**"/>
    <exclude name="**/*.pyo/**"/>
    <exclude name="**/.git/**"/>
    <exclude name="**/*.hprof/**"/>
    <exclude name="**/_svn/**"/>
    <exclude name="**/.hg/**"/>
    <exclude name="**/*.lib/**"/>
    <exclude name="**/*~/**"/>
    <exclude name="**/__pycache__/**"/>
    <exclude name="**/.bundle/**"/>
    <exclude name="**/*.rbc/**"/>
  </patternset>
  <patternset id="library.patterns">
    <include name="*.zip"/>
    <include name="*.apk"/>
    <include name="*.war"/>
    <include name="*.egg"/>
    <include name="*.ear"/>
    <include name="*.swc"/>
    <include name="*.jar"/>
  </patternset>
  <patternset id="compiler.resources">
    <include name="**/?*.properties"/>
    <include name="**/?*.xml"/>
    <include name="**/?*.gif"/>
    <include name="**/?*.png"/>
    <include name="**/?*.jpeg"/>
    <include name="**/?*.jpg"/>
    <include name="**/?*.html"/>
    <include name="**/?*.dtd"/>
    <include name="**/?*.tld"/>
    <include name="**/?*.ftl"/>
    <include name="**/?*.bpmn"/>
  </patternset>
  
  <!-- JDK definitions -->
  
  <property name="jdk.bin.1.6" value="${jdk.home.1.6}/bin"/>
  <path id="jdk.classpath.1.6">
    <fileset dir="${jdk.home.1.6}">
      <include name="jre/lib/charsets.jar"/>
      <include name="jre/lib/deploy.jar"/>
      <include name="jre/lib/javaws.jar"/>
      <include name="jre/lib/jce.jar"/>
      <include name="jre/lib/jsse.jar"/>
      <include name="jre/lib/management-agent.jar"/>
      <include name="jre/lib/plugin.jar"/>
      <include name="jre/lib/resources.jar"/>
      <include name="jre/lib/rt.jar"/>
      <include name="jre/lib/ext/dnsns.jar"/>
      <include name="jre/lib/ext/localedata.jar"/>
      <include name="jre/lib/ext/sunjce_provider.jar"/>
      <include name="jre/lib/ext/sunmscapi.jar"/>
      <include name="jre/lib/ext/sunpkcs11.jar"/>
    </fileset>
  </path>
  
  <property name="project.jdk.home" value="${jdk.home.1.6}"/>
  <property name="project.jdk.bin" value="${jdk.bin.1.6}"/>
  <property name="project.jdk.classpath" value="jdk.classpath.1.6"/>
  
  
  <!-- Project Libraries -->
  
  <path id="library.engine_library.classpath">
    <fileset dir="${basedir}/engine/lib">
      <patternset refid="library.patterns"/>
    </fileset>
  </path>
  <!-- Register Custom Compiler Taskdefs -->
  <property name="javac2.home" value="${idea.home}/lib"/>
  <path id="javac2.classpath">
    <pathelement location="${javac2.home}/javac2.jar"/>
    <pathelement location="${javac2.home}/jdom.jar"/>
    <pathelement location="${javac2.home}/asm.jar"/>
    <pathelement location="${javac2.home}/asm-commons.jar"/>
    <pathelement location="${javac2.home}/jgoodies-forms.jar"/>
  </path>
  <target name="register.custom.compilers">
    <taskdef name="javac2" classname="com.intellij.ant.Javac2" classpathref="javac2.classpath"/>
    <taskdef name="instrumentIdeaExtensions" classname="com.intellij.ant.InstrumentIdeaExtensions" classpathref="javac2.classpath"/>
  </target>
  
  <!-- Modules -->
  
  
  <!-- Module engine -->
  
  <dirname property="module.engine.basedir" file="${ant.file}"/>
  
  
  <property name="module.jdk.home.engine" value="${project.jdk.home}"/>
  <property name="module.jdk.bin.engine" value="${project.jdk.bin}"/>
  <property name="module.jdk.classpath.engine" value="${project.jdk.classpath}"/>
  
  <property name="compiler.args.engine" value="${compiler.args}"/>
  
  <property name="engine.output.dir" value="${module.engine.basedir}/out/production/engine"/>
  <property name="engine.testoutput.dir" value="${module.engine.basedir}/out/test/engine"/>
  
  <path id="engine.module.bootclasspath">
    <!-- Paths to be included in compilation bootclasspath -->
  </path>
  
  <path id="engine.module.production.classpath">
    <path refid="${module.jdk.classpath.engine}"/>
    <pathelement location="${idea.home}/lib/junit-4.8.jar"/>
    <path refid="library.engine_library.classpath"/>
  </path>
  
  <path id="engine.runtime.production.module.classpath">
    <pathelement location="${engine.output.dir}"/>
    <pathelement location="${idea.home}/lib/junit-4.8.jar"/>
    <path refid="library.engine_library.classpath"/>
  </path>
  
  <path id="engine.module.classpath">
    <path refid="${module.jdk.classpath.engine}"/>
    <pathelement location="${engine.output.dir}"/>
    <pathelement location="${idea.home}/lib/junit-4.8.jar"/>
    <path refid="library.engine_library.classpath"/>
  </path>
  
  <path id="engine.runtime.module.classpath">
    <pathelement location="${engine.testoutput.dir}"/>
    <pathelement location="${engine.output.dir}"/>
    <pathelement location="${idea.home}/lib/junit-4.8.jar"/>
    <path refid="library.engine_library.classpath"/>
  </path>
  
  
  <patternset id="excluded.from.module.engine">
    <patternset refid="ignored.files"/>
    <exclude name="com/worktoken/model/doc-files/**"/>
  </patternset>
  
  <patternset id="excluded.from.compilation.engine">
    <patternset refid="excluded.from.module.engine"/>
  </patternset>
  
  <path id="engine.module.sourcepath">
    <dirset dir="${module.engine.basedir}/engine">
      <include name="src/main"/>
    </dirset>
  </path>
  
  <path id="engine.module.test.sourcepath">
    <dirset dir="${module.engine.basedir}/engine">
      <include name="src/test"/>
    </dirset>
  </path>
  
  
  <target name="compile.module.engine" depends="compile.module.engine.production,compile.module.engine.tests" description="Compile module engine"/>
  
  <target name="compile.module.engine.production" depends="register.custom.compilers" description="Compile module engine; production classes">
    <mkdir dir="${engine.output.dir}"/>
    <javac2 destdir="${engine.output.dir}" debug="${compiler.debug}" nowarn="${compiler.generate.no.warnings}" memorymaximumsize="${compiler.max.memory}" fork="true" executable="${module.jdk.bin.engine}/javac">
      <compilerarg line="${compiler.args.engine}"/>
      <bootclasspath refid="engine.module.bootclasspath"/>
      <classpath refid="engine.module.production.classpath"/>
      <src refid="engine.module.sourcepath"/>
      <patternset refid="excluded.from.compilation.engine"/>
    </javac2>
    
    <copy todir="${engine.output.dir}">
      <fileset dir="${module.engine.basedir}/engine/src/main">
        <patternset refid="compiler.resources"/>
        <type type="file"/>
      </fileset>
    </copy>
  </target>
  
  <target name="compile.module.engine.tests" depends="register.custom.compilers,compile.module.engine.production" description="compile module engine; test classes" unless="skip.tests">
    <mkdir dir="${engine.testoutput.dir}"/>
    <javac2 destdir="${engine.testoutput.dir}" debug="${compiler.debug}" nowarn="${compiler.generate.no.warnings}" memorymaximumsize="${compiler.max.memory}" fork="true" executable="${module.jdk.bin.engine}/javac">
      <compilerarg line="${compiler.args.engine}"/>
      <bootclasspath refid="engine.module.bootclasspath"/>
      <classpath refid="engine.module.classpath"/>
      <src refid="engine.module.test.sourcepath"/>
      <patternset refid="excluded.from.compilation.engine"/>
    </javac2>
    
    <copy todir="${engine.testoutput.dir}">
      <fileset dir="${module.engine.basedir}/engine/src/test">
        <patternset refid="compiler.resources"/>
        <type type="file"/>
      </fileset>
    </copy>
  </target>
  
  <target name="clean.module.engine" description="cleanup module">
    <delete dir="${engine.output.dir}"/>
    <delete dir="${engine.testoutput.dir}"/>
  </target>
  
  <target name="init" description="Build initialization">
    <!-- Perform any build initialization in this target -->
  </target>
  
  <target name="clean" depends="clean.module.engine" description="cleanup all"/>
  
  <target name="build.modules" depends="init, clean, compile.module.engine" description="build all modules"/>
  
  <target name="init.artifacts">
    <property name="artifacts.temp.dir" value="${basedir}/__artifacts_temp"/>
    <property name="artifact.output.worktoken" value="${basedir}/out/artifacts/worktoken"/>
    <mkdir dir="${artifacts.temp.dir}"/>
    <property name="temp.jar.path.worktoken.jar" value="${artifacts.temp.dir}/worktoken.jar"/>
  </target>
  
  <target name="artifact.worktoken" depends="init.artifacts, compile.module.engine" description="Build &#39;worktoken&#39; artifact">
    <property name="artifact.temp.output.worktoken" value="${artifacts.temp.dir}/worktoken"/>
    <mkdir dir="${artifact.temp.output.worktoken}"/>
    <jar destfile="${temp.jar.path.worktoken.jar}" duplicate="preserve" filesetmanifest="mergewithoutmain">
      <zipfileset dir="${engine.output.dir}"/>
      <zipfileset file="${basedir}/engine/src/seam.properties"/>
    </jar>
    <copy file="${temp.jar.path.worktoken.jar}" tofile="${artifact.temp.output.worktoken}/worktoken.jar"/>
  </target>
  
  <target name="build.all.artifacts" depends="artifact.worktoken" description="Build all artifacts">
    <mkdir dir="${artifact.output.worktoken}"/>
    <copy todir="${artifact.output.worktoken}">
      <fileset dir="${artifact.temp.output.worktoken}"/>
    </copy>
    
    <!-- Delete temporary files -->
    <delete dir="${artifacts.temp.dir}"/>
  </target>
  
  <target name="all" depends="build.modules, build.all.artifacts" description="build all"/>
</project>