<?xml version="1.0" encoding="UTF-8"?>
<?oxygen RNGSchema="http://www.oasis-open.org/docbook/xml/5.0/rng/docbookxi.rng" type="xml"?>
<book xmlns="http://docbook.org/ns/docbook" 
        xmlns:xi="http://www.w3.org/2001/XInclude"
        xmlns:xlink="http://www.w3.org/1999/xlink" version="5.0">
    <info>
        <title>Work Token 2.0 User Guide</title>
        <author>
            <orgname>Rush Project, Inc</orgname>
        </author>
    </info>
    <xi:include href="introduction.xml" xmlns:xi="http://www.w3.org/2001/XInclude"/>
    <xi:include href="gettingstarted.xml" xmlns:xi="http://www.w3.org/2001/XInclude"/>
</book>
