<?xml version="1.0" encoding="UTF-8"?>
<chapter xmlns="http://docbook.org/ns/docbook" version="5.0">
    <title>Introduction</title>
    <section>
        <title>License</title>
        <para>Work Token is distributed under the <link xlink:href="http://www.apache.org/licenses/LICENSE-2.0"  xmlns:xlink="http://www.w3.org/1999/xlink"
                >Apache V2 license</link></para>
    </section>
    <section>
        <title>Download</title>
        <para>Source code is available from <link xmlns:xlink="http://www.w3.org/1999/xlink" xlink:href="https://github.com/worktokenteam/worktoken">GitHub
                repository</link></para>
    </section>
</chapter>