<?xml version="1.0" encoding="UTF-8"?>
<!-- Automatically generated Aspect, from aop4bpmn2_async+action-pools.n3 SAN -->
<!-- Applies to : %NODE_TYPE% or %NODE_CLASS% nodes -->
<!-- Timestamp: %TIMESTAMP_UTC% -->
<!-- %WFE_DESCR% -->
<!-- %NODE_DESCR% -->
<!-- Message: %NODE_MESG% -->
<aspects>
	<aspect>
		<id>async_adaptation_%ASPECT_ID%</id>
		<name>WARN USER ( Asynchronous Adaptation Aspect #%ASPECT_ID% )</name>
		<description>Automatically generated aspect. This aspect acts BEFORE BPMN User Tasks and 
			displays a popup window asking user to complete the task promptly because his/her
			performance has dropped significantly</description>
		<active>yes</active>
		<pointcuts>
			<pointcut>
				<id>%POINTCUT_ID%</id>
				<name>User Task Pointcut</name>
				<description />
				<active>yes</active>
				<!--<join-point>*:[%NODE_CLASS%]</join-point>-->
				<join-point>%WFE_PROCESS_DEF%:%WFE_NODE_DEF%</join-point>
				<condition>true</condition>
			</pointcut>
		</pointcuts>
		<advises>
			<advise>
				<id>%ADVISE_ID%</id>
				<name>User Task BEFORE Advise</name>
				<description />
				<active>yes</active>
				<pointcuts>%POINTCUT_ID%</pointcuts>
				<process>%BPMN_URL%#%ADVISE_ID%</process>
			</advise>
		</advises>
	</aspect>
</aspects>
