<?xml version="1.0" encoding="UTF-8"?>
<configuration>
<include file="T:/classes/syslogAppender.xml"/>

	<appender name="FILE"
		class="ch.qos.logback.core.rolling.RollingFileAppender">
		<file>T:/test.logback</file>
		<rollingPolicy class="ch.qos.logback.core.rolling.TimeBasedRollingPolicy">
			<fileNamePattern>T:/$test.%d{yyyy-MM-dd_HH}.logback
			</fileNamePattern>
		</rollingPolicy>

		<encoder>
			<pattern>%-30(%d{yyyy-MM-dd HH:mm:ss.SSS} [%-5.5level %22.22logger{0}]) %msg%n</pattern>
		</encoder>
	</appender>

	<logger name="org.iccs.san" level="DEBUG" />
	<logger name="org.iccs.dsb" level="DEBUG" />

	<root level="INFO">
		<appender-ref ref="FILE" />
	</root>
</configuration>
