<?xml version="1.0" encoding="UTF-8"?>
<aspects>
	<aspect>
		<id>async_adaptation_aspect_A</id>
		<name>WARN USER ( Asynchronous Adaptation Aspect #%ASPECT_ID% )</name>
		<description>Automatically generated aspect. This aspect acts BEFORE BPMN User Tasks and 
			displays a popup window asking user to complete the task promptly because his/her
			performance has dropped significantly</description>
		<active>yes</active>
		<pointcuts>
			<pointcut>
				<id>pc1</id>
				<name>User Task Pointcut</name>
				<description />
				<active>yes</active>
				<!--<join-point>*:[%NODE_CLASS%]</join-point>-->
				<join-point>serial:runTest</join-point>
				<condition>true</condition>
			</pointcut>
		</pointcuts>
		<advises>
			<advise>
				<id>adv1</id>
				<name>User Task BEFORE Advise</name>
				<description />
				<active>yes</active>
				<pointcuts>pc1</pointcuts>
				<process>http://localhost/adapt/advise-proc.bpmn#advise_A</process>
			</advise>
		</advises>
	</aspect>
</aspects>
